"PIDN","Ca","P","pH","SOC","Sand"
"09gt9UK5",0.0467495658597247,-0.0451701983092523,0.0467495658597247,0.173610209934919,0.0467495658597247
"0BVvxJ6a",0.0910279842680456,-0.156713028292449,0.0910279842680456,0.30714221885699,0.0910279842680456
"0KbdgApg",-0.064944216623281,-0.276705777564971,-0.064944216623281,0.0419591731978677,-0.064944216623281
"0MnuuduB",0.251620066037554,0.0465969350943038,0.251620066037554,0.548270783174882,0.251620066037554
"0PcIsF9z",0.0492747530149034,0.0346429793505355,0.0492747530149034,0.146751453756056,0.0492747530149034
"0ShTFLYJ",-0.195109273598172,-0.203791930486088,-0.195109273598172,-0.248576348831498,-0.195109273598172
"0XZh9jka",0.312953114212423,0.26729695283702,0.312953114212423,0.583134190034764,0.312953114212423
"0Y7Wegri",-0.219643104381369,-0.174160138100542,-0.219643104381369,-0.309693513314245,-0.219643104381369
"0dTqplIM",0.22974829321746,0.137706909334638,0.22974829321746,0.467904602375689,0.22974829321746
"0lNiZicC",0.00494544756902077,-0.260242377472491,0.00494544756902077,0.175708718596821,0.00494544756902077
"0rGeJ0QN",-0.249506439683305,-0.022283569688178,-0.249506439683305,-0.430416094817886,-0.249506439683305
"0sXI9ytQ",-0.481275701203449,-0.000304830607302992,-0.481275701203449,-0.904592329077027,-0.481275701203449
"0ukt4aP6",0.201171304660913,-0.0367897223243903,0.201171304660913,0.48033043873181,0.201171304660913
"1AGspb8f",0.119804477099686,-0.0864746748683638,0.119804477099686,0.336825466791456,0.119804477099686
"1Csy0gvE",-0.350992648791292,0.043411304647133,-0.350992648791292,-0.660477660151721,-0.350992648791292
"1Ic2hly1",-0.143317204284505,0.0797197808361706,-0.143317204284505,-0.257998651698271,-0.143317204284505
"1PPbaTwt",0.16303834785777,-0.0807045088860754,0.16303834785777,0.421329042019359,0.16303834785777
"1SO5VJNy",-0.344849004171488,0.0824134763619224,-0.344849004171488,-0.663744266165206,-0.344849004171488
"1arHxK3Y",0.226550243295769,0.157907156564067,0.226550243295769,0.453401940940724,0.226550243295769
"1fCW4Bba",-0.280458063310461,-0.107049347753327,-0.280458063310461,-0.458655229537131,-0.280458063310461
"1qDZNvIm",-0.423373281666317,-0.0162302886884181,-0.423373281666317,-0.781955552622078,-0.423373281666317
"28LYJC2V",0.203246668537857,0.0750438132191997,0.203246668537857,0.439758722044305,0.203246668537857
"2CzACvQq",0.162785709048432,-0.118130764060504,0.162785709048432,0.435794113330659,0.162785709048432
"2FT3crfv",0.208000238969258,0.187961571185064,0.208000238969258,0.404130996977508,0.208000238969258
"2Fy2uHVg",-0.0428094019477116,-0.293433651297328,-0.0428094019477116,0.0930969986905475,-0.0428094019477116
"2MkMEApm",-0.400635035657013,0.0724870558963021,-0.400635035657013,-0.771789382961436,-0.400635035657013
"2NDGWEOe",0.231871533213692,-0.0417591944273492,0.231871533213692,0.543963337153049,0.231871533213692
"2NyyCiqn",-0.266880306155862,0.102179118376886,-0.266880306155862,-0.515093396324852,-0.266880306155862
"2QRzIb84",0.0619746650413032,0.0186034073999815,0.0619746650413032,0.178669007426432,0.0619746650413032
"2QcbdrUZ",-0.476020062081007,-0.192192789358423,-0.476020062081007,-0.817274500179773,-0.476020062081007
"2YgAimWK",-0.275094985192105,-0.020418527953378,-0.275094985192105,-0.482543006562184,-0.275094985192105
"2cx85d9H",0.0346850591563967,-0.265256710094843,0.0346850591563967,0.23743068201202,0.0346850591563967
"2homMXMV",-0.129697200249659,0.0366391926125732,-0.129697200249659,-0.213415840087814,-0.129697200249659
"2ldLrUtq",0.160907646566525,-0.0432110340364716,0.160907646566525,0.402051425433328,0.160907646566525
"2nsACW6G",0.240528108905123,-0.297451242234802,0.240528108905123,0.663634917530311,0.240528108905123
"2yMbVnWc",-0.0184829079073439,-0.0414609482123893,-0.0184829079073439,0.0411420598646648,-0.0184829079073439
"36r8sgGQ",-0.361354423728768,0.0128603447160177,-0.361354423728768,-0.669061799775113,-0.361354423728768
"3NXAXCl3",0.316111856673083,-0.130092993595483,0.316111856673083,0.748452529905853,0.316111856673083
"3QG0z6fl",0.0161825354061285,-0.172516092276568,0.0161825354061285,0.163177483690643,0.0161825354061285
"3WS8R9qm",0.439648936116592,-0.0492151109690064,0.439648936116592,0.964155003987816,0.439648936116592
"3fRLm8f5",-0.028752618844634,0.0491464817487369,-0.028752618844634,-0.0157265900267957,-0.028752618844634
"3mZhp1nQ",-0.369779595498051,-0.141753609079311,-0.369779595498051,-0.624125958697208,-0.369779595498051
"3pikJXRL",0.290450848786606,-0.19316782497913,0.290450848786606,0.722159289893746,0.290450848786606
"3pxOEGHL",-0.244499079238168,0.059630299283439,-0.244499079238168,-0.453131124554902,-0.244499079238168
"3ttdV3f5",-0.456073218576781,-0.341934186407779,-0.456073218576781,-0.717318022412301,-0.456073218576781
"3v4X6Mfe",0.27992930678546,0.000161625546909905,0.27992930678546,0.623691064898198,0.27992930678546
"3wORuPiv",0.315618026958391,0.107162280122798,0.315618026958391,0.652547050409684,0.315618026958391
"43EfrxZj",0.216359780448625,0.0142130215630253,0.216359780448625,0.490424676648067,0.216359780448625
"457Vwm21",-0.0605102271799917,-0.19080886441135,-0.0605102271799917,0.0164994214057704,-0.0605102271799917
"46KNnOdx",-0.00330531862607105,-0.0454163772616072,-0.00330531862607105,0.0732004358222776,-0.00330531862607105
"47TwNsVC",0.403561216703057,-0.144346366402615,0.403561216703057,0.929749494600741,0.403561216703057
"49856RpO",0.253886794613338,-0.0676644329031616,0.253886794613338,0.598532505857989,0.253886794613338
"4Ane1o2N",-0.168708111814873,0.0228855377148108,-0.168708111814873,-0.286246085854223,-0.168708111814873
"4AyVUgSc",-0.171229376375469,-0.249911877522837,-0.171229376375469,-0.182176177001436,-0.171229376375469
"4B1951On",0.342767264115419,-0.0537591734162882,0.342767264115419,0.771438231687788,0.342767264115419
"4OL39Teo",0.14853200046682,0.0300438655144236,0.14853200046682,0.347896013460204,0.14853200046682
"4eQ90eLY",0.255354494529087,0.0219450622147261,0.255354494529087,0.565631343153936,0.255354494529087
"4o5jwMj8",-0.0329677877658029,0.0141539327070712,-0.0329677877658029,-0.0101917280814466,-0.0329677877658029
"4vPgpl2c",-0.00333256283653914,-0.0348508768320054,-0.00333256283653914,0.0689190057843344,-0.00333256283653914
"51r9aA0d",-0.101970500962111,-0.219193154804472,-0.101970500962111,-0.0553960676896486,-0.101970500962111
"58SmeRoP",0.0953232397088781,-0.0365280039304562,0.0953232397088781,0.267686947783428,0.0953232397088781
"5HJp1AXn",0.157065141014952,0.182503256605819,0.157065141014952,0.304038901534458,0.157065141014952
"5MBZW7fx",0.145197829240679,-0.116549921862727,0.145197829240679,0.399845920533853,0.145197829240679
"5Nq3gHaP",0.169821976290694,0.0589696532954045,0.169821976290694,0.379073704248355,0.169821976290694
"5RmwFFK3",0.251916203490742,0.0714056106885193,0.251916203490742,0.53894071371176,0.251916203490742
"5Tu5Jbov",0.0359776396713987,-0.17705924560099,0.0359776396713987,0.204742768727596,0.0359776396713987
"5YEolkev",0.160517870213423,-0.0220778746999247,0.160517870213423,0.392814456754326,0.160517870213423
"5a8sf6QV",-0.0776296758230403,-0.293308190675786,-0.0776296758230403,0.0231290548646987,-0.0776296758230403
"5eSvmqYm",-0.256538067474703,-0.289304337004346,-0.256538067474703,-0.337713765575332,-0.256538067474703
"5hkN8fiv",0.230008333305588,-0.0222116432426283,0.230008333305588,0.532402113362534,0.230008333305588
"5oK8Gti5",-0.0404176027455887,-0.00723792292986629,-0.0404176027455887,-0.0165928620056065,-0.0404176027455887
"5paniGaU",-0.483607191596193,-0.00627700457442389,-0.483607191596193,-0.906884704859484,-0.483607191596193
"5vsr7ZUP",0.0656406543297696,-0.159401418333845,0.0656406543297696,0.257240938916916,0.0656406543297696
"60B4xMWI",-0.00738785501096353,0.00802738405966632,-0.00738785501096353,0.0436227039275567,-0.00738785501096353
"64jOUtKy",0.149355066362965,-0.0853939545564227,0.149355066362965,0.395729556965009,0.149355066362965
"6AJo4xNG",-0.122479726805793,0.0161507006272824,-0.122479726805793,-0.190727020603492,-0.122479726805793
"6CAvhEte",0.12593351845398,-0.04664356922045,0.12593351845398,0.333197923261845,0.12593351845398
"6CuGYjT5",0.501123383618248,0.227899623862005,0.501123383618248,0.976733647490092,0.501123383618248
"6DGH8ujZ",0.151645283531777,-0.0585689230295512,0.151645283531777,0.38959687940126,0.151645283531777
"6PzsGdVm",0.0931728039937638,-0.0218868027856676,0.0931728039937638,0.257511749288128,0.0931728039937638
"6UcSJMbq",0.154753450471529,0.143159314713044,0.154753450471529,0.315136647080195,0.154753450471529
"6WJbkH8U",0.402132543482525,0.0566008784850269,0.402132543482525,0.846491899909006,0.402132543482525
"6eUWsVzw",0.116831432919015,-0.232978059616683,0.116831432919015,0.389464337363133,0.116831432919015
"6gNyO7Do",-0.0212714100480039,-0.236539434410353,-0.0212714100480039,0.113583935885412,-0.0212714100480039
"6jT0AyHe",0.193583114636493,-0.0111122180012728,0.193583114636493,0.454821372239088,0.193583114636493
"6nBgCvWu",-0.593674719985986,-0.215231157530015,-0.593674719985986,-1.04430397837219,-0.593674719985986
"6ro5mqg6",-0.257041842121052,0.143149094766398,-0.257041842121052,-0.511728168469568,-0.257041842121052
"6sGqObX4",0.142751607686715,-0.236584217497662,0.142751607686715,0.442953680639973,0.142751607686715
"6uEGy0n4",0.390799901143062,0.0862146650661043,0.390799901143062,0.811889410720457,0.390799901143062
"7BZ4LxP8",0.366285277050438,-0.0238491693010768,0.366285277050438,0.806695998793307,0.366285277050438
"7CmigXKi",0.277443270333963,-0.0443181834702721,0.277443270333963,0.636493332486826,0.277443270333963
"7Ga0LpfR",0.233247846547974,0.241529858599564,0.233247846547974,0.433397234843461,0.233247846547974
"7PQsFvsG",0.195940942539876,-0.012718200587269,0.195940942539876,0.460198271576176,0.195940942539876
"7aF7nnwn",-0.378952291320998,-0.185682124803398,-0.378952291320998,-0.624970787302777,-0.378952291320998
"7asGzfX9",0.1483043171382,0.17204640486901,0.1483043171382,0.290630768363958,0.1483043171382
"7cg7C92o",0.0433690794765311,0.00470545667407424,0.0433690794765311,0.146869586775326,0.0433690794765311
"7eOxTpsB",-0.228657616941023,-0.0447382584980492,-0.228657616941023,-0.379569480670905,-0.228657616941023
"7ey0v7ma",0.342848589365285,-0.103718765793401,0.342848589365285,0.791587846951354,0.342848589365285
"7gocyrYl",0.165950215737772,0.091056695966893,0.165950215737772,0.358462949784544,0.165950215737772
"7gqR3GoA",-0.158622461252836,-0.0786847168818214,-0.158622461252836,-0.22536134789195,-0.158622461252836
"7og7aUXB",0.132850191300182,0.0999697675360739,0.132850191300182,0.288433719145159,0.132850191300182
"7onRfa8F",-0.112117014256603,0.174361767863811,-0.112117014256603,-0.233211379246606,-0.112117014256603
"7umkNuxM",0.164667196057299,0.106219429988616,0.164667196057299,0.349820849848704,0.164667196057299
"7vPr9ExD",-0.115948488042934,-0.324388835943113,-0.115948488042934,-0.0413798259871687,-0.115948488042934
"7zNjpCzu",-0.0757801079398181,-0.333023323370231,-0.0757801079398181,0.0427309399585029,-0.0757801079398181
"7ztsQNj3",-0.155617971936618,-0.30291932089617,-0.155617971936618,-0.129623476058903,-0.155617971936618
"86gppwMI",-0.12676480938495,-0.0315621660204393,-0.12676480938495,-0.18024378398248,-0.12676480938495
"88thAGdL",-0.292486876611991,-0.345815798779713,-0.292486876611991,-0.387290183387285,-0.292486876611991
"8GhU8STP",0.300844567323289,0.0403002544930258,0.300844567323289,0.649630648832875,0.300844567323289
"8NlzDcWe",-0.201662608950122,-0.217971442767608,-0.201662608950122,-0.256062682008197,-0.201662608950122
"8QAejdLW",-0.0531118061256135,-0.28224668847466,-0.0531118061256135,0.0679348319454572,-0.0531118061256135
"8RDeFxWM",-0.3572410903184,-0.0796637423455309,-0.3572410903184,-0.623788158108252,-0.3572410903184
"8UXP2NBS",0.0953288535035181,-0.0509731502272873,0.0953288535035181,0.273476995751535,0.0953288535035181
"8ZoV3KGT",0.0352789896399766,-0.20612289197679,0.0352789896399766,0.214966808177654,0.0352789896399766
"8ajs2uG8",0.311427390817838,-0.00992414262463144,0.311427390817838,0.69097279847795,0.311427390817838
"8bXnz62p",0.0403629711827606,0.00322789867146358,0.0403629711827606,0.141424534997433,0.0403629711827606
"8nO1O1LG",0.362591804349916,0.102151765433032,0.362591804349916,0.748873019956211,0.362591804349916
"8xE1p8g8",0.333266508044113,0.0109383182042164,0.333266508044113,0.726478874914226,0.333266508044113
"8yMDVMRM",0.262100820363784,-0.0325894353454208,0.262100820363784,0.600994209131085,0.262100820363784
"98R5VaPi",0.00413050438093754,0.0591782792977807,0.00413050438093754,0.0462882232126199,0.00413050438093754
"9DcTz2Ua",0.342733618167799,0.167623181217525,0.342733618167799,0.682806738955088,0.342733618167799
"9G7nfUrK",-0.113658386748431,0.235448542200514,-0.113658386748431,-0.260744137711735,-0.113658386748431
"9O6GZ1HT",0.205822754275156,0.00951813608468349,0.205822754275156,0.471144925894541,0.205822754275156
"9S7fCoAM",-0.506560238147468,-0.226999956732357,-0.506560238147468,-0.864673388834246,-0.506560238147468
"9iQwmFJR",0.205638702245527,-0.0760344508866873,0.205638702245527,0.505000638868362,0.205638702245527
"A3Mt6SAQ",0.119302910643168,0.0689768322214827,0.119302910643168,0.273630020240273,0.119302910643168
"AJIsQIcV",0.0993711652829415,-0.0978191670738967,0.0993711652829415,0.300334532852842,0.0993711652829415
"AMHKXMh8",0.322811869208071,0.0435189471293825,0.322811869208071,0.692452498319079,0.322811869208071
"ASwA2J4E",-0.30326787026797,0.0903266278535884,-0.30326787026797,-0.583416622748939,-0.30326787026797
"AaFvEoHq",-0.0596697455165959,-0.000127338122428964,-0.0596697455165959,-0.058095001576091,-0.0596697455165959
"AiIPD6hX",0.243901878042788,0.0378579055603685,0.243901878042788,0.536269008067361,0.243901878042788
"AsIURvJS",0.324248576971015,0.0281742660763732,0.324248576971015,0.701475985782623,0.324248576971015
"AsvgbJ0C",0.0979381355479483,0.0269570790181234,0.0979381355479483,0.247540371683793,0.0979381355479483
"AxEhbkCM",0.148847175804434,-0.179875980333659,0.148847175804434,0.432507233638045,0.148847175804434
"B7VPkIpx",0.0317471113413471,-0.0404636488091039,0.0317471113413471,0.141603012286189,0.0317471113413471
"BBwHqHiH",0.020234444304654,-0.250180939780879,0.020234444304654,0.202383353780687,0.020234444304654
"BMyps8hr",0.357846139213468,-0.00959058769199175,0.357846139213468,0.784046398254788,0.357846139213468
"BUHS4dQw",0.221279050248842,0.052675867899492,0.221279050248842,0.484915330625932,0.221279050248842
"BZB3EYWQ",-0.284134190503201,0.0791351620941672,-0.284134190503201,-0.540519797292488,-0.284134190503201
"C5UPCZcL",0.513753402514042,0.212033450483459,0.513753402514042,1.00844149043959,0.513753402514042
"C5gIfQbJ",0.243226536703793,-0.225442740535171,0.243226536703793,0.640246279682505,0.243226536703793
"CDRuu4Pn",-0.343271059235053,-0.0996402363994206,-0.343271059235053,-0.58774529055469,-0.343271059235053
"CQhTYkqE",0.138333104913095,-0.154440553667781,0.138333104913095,0.40121995543798,0.138333104913095
"CSEobMXv",0.182337765561599,-0.22327661627452,0.182337765561599,0.517117442200071,0.182337765561599
"CYMQE4x0",0.126377982203394,-0.0239831294154536,0.126377982203394,0.325025088193453,0.126377982203394
"ChQdtl4J",-0.348728345259556,-0.178569054639524,-0.348728345259556,-0.567127862345541,-0.348728345259556
"ChnD1nrN",-0.0510579012521687,-0.273984927505088,-0.0510579012521687,0.0687538783461217,-0.0510579012521687
"CvtbbIcq",0.126177166031174,-0.0889110268993973,0.126177166031174,0.350596239658482,0.126177166031174
"Cxk06b77",0.0565245234136438,-0.0520091281668958,0.0565245234136438,0.195973855352408,0.0565245234136438
"D3QD3ZEJ",-0.00186336372701613,-0.0259222112740007,-0.00186336372701613,0.0682971908454434,-0.00186336372701613
"D8J5C6lA",0.242173901724682,0.0645844648630246,0.242173901724682,0.522107348308775,0.242173901724682
"DCeQwYfT",0.0919867831995329,0.0339535243012169,0.0919867831995329,0.232791362561343,0.0919867831995329
"DDEftkx3",-0.493583088550683,0.0138297946275407,-0.493583088550683,-0.934959635221821,-0.493583088550683
"DEwCfeDW",0.0226574707101926,-0.0222598997541624,0.0226574707101926,0.116068964633575,0.0226574707101926
"DMkIV4oL",-0.30348179618314,-0.0751212136568483,-0.30348179618314,-0.517658826941258,-0.30348179618314
"DnzGfbxS",0.266320922805086,-0.022699018551834,0.266320922805086,0.605511352664597,0.266320922805086
"DoZxo6f6",-0.137644530665033,-0.0155029988620051,-0.137644530665033,-0.208514304604653,-0.137644530665033
"DvhBPGIk",0.0989544311667327,0.0512601743744028,0.0989544311667327,0.239858608956,0.0989544311667327
"Dx7GoUcT",-0.620208154985524,-0.220618518190987,-0.620208154985524,-1.09542687037763,-0.620208154985524
"E5hIjohO",0.120413299459935,-0.124519428385592,0.120413299459935,0.353267748613023,0.120413299459935
"E6x4XGHt",0.0811613685083883,0.0142748225586152,0.0811613685083883,0.218926809317788,0.0811613685083883
"EDEpAzh1",0.43442199615041,-0.00166516203799526,0.43442199615041,0.934637171858076,0.43442199615041
"ETGudkQt",-0.184060085294613,-0.0497591303851926,-0.184060085294613,-0.288010776609188,-0.184060085294613
"EUleKrLJ",0.313604794118155,0.186960158549885,0.313604794118155,0.616581444148922,0.313604794118155
"Ehw2Jz6s",0.22863584580101,0.0419032247124632,0.22863584580101,0.503997081586793,0.22863584580101
"EjqzC4zH",0.138563096330187,-0.0166147347854746,0.138563096330187,0.346544598953699,0.138563096330187
"EkMZO3Qj",-0.271975904487356,0.0262713330535857,-0.271975904487356,-0.494958276473538,-0.271975904487356
"EnoNXWvU",0.165341111335492,0.117381435362313,0.165341111335492,0.346708689154167,0.165341111335492
"Epv8ANwr",0.0853939062117673,0.0664217877927858,0.0853939062117673,0.20656420505593,0.0853939062117673
"Etro9j0B",0.133951948486902,0.00595016161147324,0.133951948486902,0.328258514879856,0.133951948486902
"F3MIZj76",-0.0387255204708876,-0.0601200113619141,-0.0387255204708876,0.00796023412616192,-0.0387255204708876
"FB8tU00K",0.184870074742748,0.0795089681694702,0.184870074742748,0.401072953988558,0.184870074742748
"FLhxBGMK",-0.162100679726883,-0.304665339576568,-0.162100679726883,-0.141942006578327,-0.162100679726883
"FRreR8ka",-0.302397767853762,-0.172929800846757,-0.302397767853762,-0.476353849441019,-0.302397767853762
"FXne4oAV",0.135050763189403,0.0284610715022984,0.135050763189403,0.32145941042132,0.135050763189403
"FaW764jk",0.0146574198695306,-0.00333151467014256,0.0146574198695306,0.0924328804418446,0.0146574198695306
"FeAbMXly",-0.232740306876254,0.00513838571770985,-0.232740306876254,-0.407720496947318,-0.232740306876254
"FeudaFXn",0.524905648067295,0.191429860926519,0.524905648067295,1.03907722376435,0.524905648067295
"FldUmFeM",0.191177347088593,0.00864706139552046,0.191177347088593,0.442085991969578,0.191177347088593
"Fnv5tfAm",-0.0502563804033412,-0.199589782182863,-0.0502563804033412,0.0406015493058456,-0.0502563804033412
"FvrAd3Or",0.148331978231977,0.101739702401538,0.148331978231977,0.318812482316434,0.148331978231977
"G48zHffi",0.128694732582021,0.0316899376105721,0.128694732582021,0.307405041842688,0.128694732582021
"G76zCv5N",-0.118125283754486,-0.0382376324374919,-0.118125283754486,-0.160225435122834,-0.118125283754486
"G7JGUdNf",0.0510741571422243,-0.332701753680484,0.0510741571422243,0.297320718176772,0.0510741571422243
"GCo6MONx",0.39428469327159,0.249785124750237,0.39428469327159,0.753450432774914,0.39428469327159
"GE0vbpVQ",0.194259054262792,0.03123258535207,0.194259054262792,0.439238609010277,0.194259054262792
"GN0DfOqt",-0.143462535662785,0.206013575479055,-0.143462535662785,-0.308814259498755,-0.143462535662785
"GNsTAb1v",0.375926203004184,0.0226904780243948,0.375926203004184,0.807436432982074,0.375926203004184
"GPwmO21z",0.11772853513062,0.0224777094940308,0.11772853513062,0.289070693214531,0.11772853513062
"GQYpfLoh",0.274966673974459,0.100357297534044,0.274966673974459,0.57364304827659,0.274966673974459
"GR9knT8n",0.185485916341926,-0.0242381570691504,0.185485916341926,0.443813540829353,0.185485916341926
"GXtFFbZy",-0.0303821749231301,0.00635479404865525,-0.0303821749231301,-0.00187987555574404,-0.0303821749231301
"GYvzvvFD",0.0053944835600433,-0.0679748482876695,0.0053944835600433,0.099693808055732,0.0053944835600433
"GemPjTJ9",-0.0637572819424353,-0.0538335732250113,-0.0637572819424353,-0.0448174550366186,-0.0637572819424353
"GkLYRm1K",0.390261198284602,0.0484181051231918,0.390261198284602,0.825928216858316,0.390261198284602
"GmlqP8eI",0.340393738981276,-0.0184884261144383,0.340393738981276,0.752562235658039,0.340393738981276
"GqkIrOvf",0.0562284040991141,-0.150592460161144,0.0562284040991141,0.234817486540091,0.0562284040991141
"H0fsegPi",-0.356283562340941,-0.222128272949287,-0.356283562340941,-0.564872593955312,-0.356283562340941
"H4dHpJjU",0.36638553602479,0.127214025279382,0.36638553602479,0.746464537133696,0.36638553602479
"H5QwJCuU",0.0856373345054091,-0.00843084578243334,0.0856373345054091,0.236997769277646,0.0856373345054091
"H5uwmSZ0",-0.154714856037621,0.0825666277147183,-0.154714856037621,-0.282023572458374,-0.154714856037621
"H8MtbVoL",-0.171245860340215,-0.41118997569652,-0.171245860340215,-0.117690029802527,-0.171245860340215
"H9JrUYnp",-0.363138959475879,-0.176966295719515,-0.363138959475879,-0.596704997397611,-0.363138959475879
"HHYmmHVk",-0.432952534780725,-0.101321316245559,-0.432952534780725,-0.767149684071763,-0.432952534780725
"HJ5U4uqL",0.242173184624346,-0.0205830379096521,0.242173184624346,0.556177137879885,0.242173184624346
"HNQxYc4w",0.0266371211296855,0.00388665675944077,0.0266371211296855,0.113600026907137,0.0266371211296855
"HQYhKHZ8",0.199536384292125,-0.0220992653562762,0.199536384292125,0.471170670192754,0.199536384292125
"HSCMx0MC",-0.317147523018006,-0.0488185116792082,-0.317147523018006,-0.555621460670766,-0.317147523018006
"HXYuE0fx",0.430907105541357,0.112999093240474,0.430907105541357,0.881708013525559,0.430907105541357
"HdKcxEWr",0.00937006571717299,-0.00130676641571644,0.00937006571717299,0.0810060794726415,0.00937006571717299
"HecW1iCC",0.378557118883104,0.0174225686012877,0.378557118883104,0.814826634875699,0.378557118883104
"HpbKB8rv",0.3522533518821,-0.161365669802179,0.3522533518821,0.833533867317164,0.3522533518821
"HrkoYjCg",0.0409966532500932,0.0107081651014329,0.0409966532500932,0.139704465950373,0.0409966532500932
"I5P2uquT",0.2736483687377,-0.0481888210071252,0.2736483687377,0.630421765113429,0.2736483687377
"I94qkDM7",-0.135254880099082,-0.118942145668489,-0.135254880099082,-0.162335185129218,-0.135254880099082
"I9sQbtt8",0.284577200037693,-0.0715794113751179,0.284577200037693,0.661723830014465,0.284577200037693
"IFxgw6ZX",0.134473663024417,0.0174757382338235,0.134473663024417,0.324695294477818,0.134473663024417
"IPPPSyoU",0.187994799481335,-0.0175580655853972,0.187994799481335,0.446178912182779,0.187994799481335
"IQOYQubU",0.39501981012849,0.125493347417005,0.39501981012849,0.804649400519066,0.39501981012849
"IYNE2SxU",0.113132951521776,-0.270061814954255,0.113132951521776,0.396873274068423,0.113132951521776
"IZRFk9kN",0.0693897483349182,0.112723713956689,0.0693897483349182,0.155905410308872,0.0693897483349182
"Iaq3v0t3",0.140996882510743,0.0399175929155268,0.140996882510743,0.328815809003191,0.140996882510743
"IbVwu1t6",0.140619562010689,-0.0298178512512266,0.140619562010689,0.355955804011329,0.140619562010689
"IcHKTLyo",-0.0318803004758002,-0.322257049216946,-0.0318803004758002,0.12657299883338,-0.0318803004758002
"IpW80wVB",0.0511169595444462,-0.0152130598809847,0.0511169595444462,0.170395423626098,0.0511169595444462
"Itb0PYUV",0.380607015134326,0.166316369476207,0.380607015134326,0.759377834098082,0.380607015134326
"J8fpSwS0",-0.151388125878618,0.0461651313146069,-0.151388125878618,-0.26078122209704,-0.151388125878618
"JE1SlbD0",0.273272915724061,0.105690664355088,0.273272915724061,0.568108436180516,0.273272915724061
"JEB4McNb",0.375944341438028,0.0424446130388026,0.375944341438028,0.799570219497209,0.375944341438028
"JEE4QVeQ",0.0595869074397031,-0.255763707048171,0.0595869074397031,0.283634950667645,0.0595869074397031
"JJSEU2VQ",-0.37121631455216,0.0627645354020727,-0.37121631455216,-0.70882824623379,-0.37121631455216
"JSsVriP2",0.263876767551034,0.119801475509364,0.263876767551034,0.543596311690581,0.263876767551034
"JUvQNiOK",0.112554726504642,0.0435513135166152,0.112554726504642,0.270251399199228,0.112554726504642
"JZbrRtm2",0.196373061095707,0.0567140825644684,0.196373061095707,0.43328958838637,0.196373061095707
"JcE9G92B",0.18722565770474,0.13492315599998,0.18722565770474,0.383634446483242,0.18722565770474
"JnNYpXHr",0.175876886747103,0.0581223194529506,0.175876886747103,0.391570704151481,0.175876886747103
"JzpbnOtz",-0.151088159872202,-0.0234386398599822,-0.151088159872202,-0.232333937905032,-0.151088159872202
"JzzUhPQp",0.350020603085005,-0.00272538305311579,0.350020603085005,0.76558660389344,0.350020603085005
"K05R8dQK",0.127927844220881,0.0584467341553969,0.127927844220881,0.29516111285975,0.127927844220881
"K17pG2mG",-0.163626898933957,-0.197281197772866,-0.163626898933957,-0.187965583383168,-0.163626898933957
"K8BellUe",0.383553960925167,-0.0200728198306705,0.383553960925167,0.839860115952853,0.383553960925167
"KJ2eH6rr",0.262329502500828,-0.0567202339210872,0.262329502500828,0.611106911422029,0.262329502500828
"KJEJ6Glk",0.313485294386275,0.102842038771216,0.313485294386275,0.649992917526582,0.313485294386275
"KSbO0oXS",0.161140449084105,-0.0990754753067375,0.161140449084105,0.424867433868424,0.161140449084105
"KXtvmd01",-0.258331856873496,0.0887609628059493,-0.258331856873496,-0.492560514803228,-0.258331856873496
"KYiJqBuJ",0.0677492506271816,-0.25561678231458,0.0677492506271816,0.299965840596378,0.0677492506271816
"KmbAyTcE",0.087034377593723,0.159426305072672,0.087034377593723,0.172651783304986,0.087034377593723
"KnNyl3rV",-0.0372609425027564,-0.0194731078059073,-0.0372609425027564,-0.00535972982172368,-0.0372609425027564
"Kp2DG8TZ",0.0109320567854303,-0.0303853254567156,0.0109320567854303,0.0957753639830363,0.0109320567854303
"KqQtKWs5",-0.343579663270931,-0.212200228053618,-0.343579663270931,-0.54333537042793,-0.343579663270931
"Ku27g63R",0.159844367097209,-0.0180902721359993,0.159844367097209,0.38986684973565,0.159844367097209
"L2aTVqDq",0.269356677895919,0.0230139830766394,0.269356677895919,0.593319560417083,0.269356677895919
"L5jvq6G4",-0.341824171189093,-0.195715448321864,-0.341824171189093,-0.546405141045622,-0.341824171189093
"L91hYVQl",-0.176962416388456,-0.27524585381344,-0.176962416388456,-0.183553049698855,-0.176962416388456
"LINAMlbA",-0.06057723718843,-0.00378702710287228,-0.06057723718843,-0.0584531522100196,-0.06057723718843
"LJoUNXSx",0.175241488797002,-0.092730136429574,0.175241488797002,0.450643321654864,0.175241488797002
"LLtSiyWD",0.00142277833720694,-0.028781941394188,0.00142277833720694,0.0760396701098734,0.00142277833720694
"LQJtV8kn",0.00575757478381173,-0.280121211943246,0.00575757478381173,0.185291959130686,0.00575757478381173
"LW9uddw7",0.311635797447727,-0.0990334245556483,0.311635797447727,0.727039407715569,0.311635797447727
"LZ6sdBTR",0.339935945038058,0.0721572585426458,0.339935945038058,0.715380229042048,0.339935945038058
"La2Vhnne",-0.0365083684778551,-0.122515408583565,-0.0365083684778551,0.0373734456255413,-0.0365083684778551
"LaUWSq9B",0.275857024553549,-0.0383919539540648,0.275857024553549,0.630937426729465,0.275857024553549
"Lk4SfkPQ",0.427072163569132,0.149839302412242,0.427072163569132,0.859269686753391,0.427072163569132
"LllC836d",-0.0264051597295632,-0.0434100499897202,-0.0264051597295632,0.0260142243349051,-0.0264051597295632
"LuGiGeWN",-0.127822369667957,-0.0913342434798242,-0.127822369667957,-0.15845552529776,-0.127822369667957
"LzcyHcWa",-0.396117928587139,0.0465127073402418,-0.396117928587139,-0.752328178961644,-0.396117928587139
"M7veP0H4",-0.331768129660075,-0.0270536134570288,-0.331768129660075,-0.593686109057393,-0.331768129660075
"MB8aaJUc",-0.0161992180744392,-0.115354430560567,-0.0161992180744392,0.075288681658422,-0.0161992180744392
"MDpe2zuy",-0.0925052594854793,-0.383495500150991,-0.0925052594854793,0.0293388638048624,-0.0925052594854793
"MEzdmEIU",-0.11671546685518,0.0586595285438432,-0.11671546685518,-0.1961582528301,-0.11671546685518
"MVnhtivm",0.0956175866524762,-0.014659132992983,0.0956175866524762,0.259529350864078,0.0956175866524762
"MYU7WDis",0.0766598589984741,0.00493554346637886,0.0766598589984741,0.21362412891082,0.0766598589984741
"MZFqh6yw",0.1054270412938,-0.0245621049057518,0.1054270412938,0.283188034033799,0.1054270412938
"Mdgy4SsO",0.326674059923266,0.0534123395446314,0.326674059923266,0.696249778654363,0.326674059923266
"Mj8awnzy",-0.244945866968071,-0.0450391937368378,-0.244945866968071,-0.412155263100891,-0.244945866968071
"MpFPbUJy",0.430553042821606,0.102532825649556,0.430553042821606,0.885184096041132,0.430553042821606
"Mqk7MFBM",-0.336829746489708,0.0126608369426473,-0.336829746489708,-0.619737390342806,-0.336829746489708
"Mqs2t1Eo",0.386448675898572,0.0348487036669511,0.386448675898572,0.823701254714756,0.386448675898572
"Mv3jFVxp",0.0211961198995652,0.0779881314393829,0.0211961198995652,0.0730304395771563,0.0211961198995652
"MxODTXvA",-0.166600058533603,-0.267357063651635,-0.166600058533603,-0.165901746567498,-0.166600058533603
"N46PbpPM",-0.505101945331865,-0.0819671662032476,-0.505101945331865,-0.919765510433144,-0.505101945331865
"N5S5F9Gk",-0.0967899453064479,-0.117230980321885,-0.0967899453064479,-0.0857836457484602,-0.0967899453064479
"NLDg5fqw",0.33602955054104,0.166188109600521,0.33602955054104,0.669919332244966,0.33602955054104
"NOho2ZiM",0.321311833932964,0.0343759318831605,0.321311833932964,0.693098145956108,0.321311833932964
"NUuY7PFU",0.329818961355892,0.0886605378328419,0.329818961355892,0.688463588898482,0.329818961355892
"NV1e8AEO",-0.371571596879623,0.02323145828143,-0.371571596879623,-0.693726445730532,-0.371571596879623
"NZLXROKC",-0.0289096092662132,-0.23188311814941,-0.0289096092662132,0.096383971758656,-0.0289096092662132
"NaJo7C6o",0.114138431068168,-0.0850811498619757,0.114138431068168,0.324890787920689,0.114138431068168
"NgsyGkrO",0.198509294999328,0.0045173839650492,0.198509294999328,0.458460333723834,0.198509294999328
"NjOx4Zpo",0.305720879548307,-0.0298862374007829,0.305720879548307,0.687500175156432,0.305720879548307
"NmQoI7x0",0.262407209805169,-0.0257810759751672,0.262407209805169,0.598885745424935,0.262407209805169
"No4wkdLS",-0.0518396867357974,-0.209241672783216,-0.0518396867357974,0.0412835673100965,-0.0518396867357974
"NouMwhOf",0.224890749887909,0.022354144822995,0.224890749887909,0.504297677424585,0.224890749887909
"O6YAWd8C",0.0176202058493798,-0.247915953234968,0.0176202058493798,0.196227957743118,0.0176202058493798
"OAXVphSh",0.148869745507529,-0.077520711689162,0.148869745507529,0.391605363559938,0.148869745507529
"OJBBhb6Q",-0.375387382514446,-0.102291147344606,-0.375387382514446,-0.651173120462273,-0.375387382514446
"OSIQXImL",0.155489383312417,-0.0975296910729525,0.155489383312417,0.412901923525484,0.155489383312417
"OUUFc5Zz",-0.216896557536986,0.0342229416244043,-0.216896557536986,-0.387542131888752,-0.216896557536986
"OVk1lquT",0.187410586569575,0.0359900665780129,0.187410586569575,0.423583924009261,0.187410586569575
"OXdRxjzz",0.222139422990117,-0.0281779708193581,0.222139422990117,0.518988475265972,0.222139422990117
"OXxW2ekf",0.0139134135269645,0.177717538250242,0.0139134135269645,0.0185103348531248,0.0139134135269645
"OXz5OpqR",0.0717239631129075,-0.0379806534883345,0.0717239631129075,0.220881651747288,0.0717239631129075
"OcBFW1AX",-0.0939393321991243,-0.065734977281486,-0.0939393321991243,-0.100660683563307,-0.0939393321991243
"Of9V2rpt",-0.0811371022520204,-0.206387942108649,-0.0811371022520204,-0.0186861355740723,-0.0811371022520204
"OfLxPhbG",0.217655547897193,-0.00473223899090325,0.217655547897193,0.500605572012257,0.217655547897193
"Ojx2vi48",-0.149076694826262,-0.158254788167424,-0.149076694826262,-0.17436184182303,-0.149076694826262
"P3M32iuT",-0.305010573190346,-0.275132524734827,-0.305010573190346,-0.440714097075789,-0.305010573190346
"P7olVzrO",0.0581372562980996,0.045265567364698,0.0581372562980996,0.160297452473913,0.0581372562980996
"PAPHErnv",0.15568430826823,-0.0700218696104189,0.15568430826823,0.402288830957119,0.15568430826823
"PBjEtfXb",-0.145464206304171,0.109098550793734,-0.145464206304171,-0.274062714678554,-0.145464206304171
"PZGpoBBj",0.353239006789764,0.0811026914856428,0.353239006789764,0.738513641456479,0.353239006789764
"Pc2RrxXS",0.114676229366278,-0.0478585427007139,0.114676229366278,0.311079775068992,0.114676229366278
"PcHQ4FOu",-0.224630502686784,-0.330641609560542,-0.224630502686784,-0.257107657272246,-0.224630502686784
"PeNyTOVN",0.00911513505926961,0.127323520091785,0.00911513505926961,0.0290356878413269,0.00911513505926961
"PhUPSU53",0.365957604191605,0.0290285201737716,0.365957604191605,0.784884343412668,0.365957604191605
"PmUNeV2O",-0.125837031812472,-0.175068294214836,-0.125837031812472,-0.120971266734477,-0.125837031812472
"PoDJ0uvK",0.125869225861858,0.0348895738332506,0.125869225861858,0.300451521086281,0.125869225861858
"PsUJdJdg",0.184650687169129,0.109705541213116,0.184650687169129,0.388552303879847,0.184650687169129
"Q3xLFx1f",0.38186215425978,0.0216114482059401,0.38186215425978,0.819787257338178,0.38186215425978
"QBGxCvdM",-0.02371542454379,-0.314339703769149,-0.02371542454379,0.139800420345173,-0.02371542454379
"QCEPyu6L",0.241475758192914,0.0547479684695374,0.241475758192914,0.524640590213491,0.241475758192914
"QEfwec4s",0.292124936897474,0.0590682727171417,0.292124936897474,0.624613831574692,0.292124936897474
"QZ87Nnr3",-0.40500491826433,-0.0900443010130292,-0.40500491826433,-0.715543324913288,-0.40500491826433
"QlyGN9jv",-0.28054314878171,-0.0429493535193648,-0.28054314878171,-0.484469257960064,-0.28054314878171
"QqgWE1ny",-0.14279279081607,-0.286155777310506,-0.14279279081607,-0.110577261742038,-0.14279279081607
"QrjjBpZd",0.251320035922195,-0.183002806301193,0.251320035922195,0.639519630052211,0.251320035922195
"QsaBiX7V",-0.220180683192673,-0.260920858207859,-0.220180683192673,-0.276064355109247,-0.220180683192673
"QtBKJuZk",0.169964559458962,-0.0333796668586511,0.169964559458962,0.416304318689208,0.169964559458962
"QtPRO8OJ",-0.00626454791634285,-0.0778821658567581,-0.00626454791634285,0.0802463459887477,-0.00626454791634285
"R8XcsFnp",-0.00969816127650078,0.171796417065002,-0.00969816127650078,-0.0265320450041948,-0.00969816127650078
"RROfRt9z",0.293562375186044,0.0817276592496823,0.293562375186044,0.61843527205604,0.293562375186044
"RTcbiDGq",0.0736364107821363,-0.0229476138695894,0.0736364107821363,0.218707809954885,0.0736364107821363
"RVidM9g0",0.0226156067914078,0.103719530677232,0.0226156067914078,0.0655868767527384,0.0226156067914078
"RZnQSH19",-0.384368626444312,0.0585786822249564,-0.384368626444312,-0.733563027012024,-0.384368626444312
"Rc4UK7fT",0.0117393034557192,0.00449573081593738,0.0117393034557192,0.0834421295730857,0.0117393034557192
"RcKBKh6B",-0.139163859731197,0.117316482189979,-0.139163859731197,-0.264699444780674,-0.139163859731197
"ReM5kDa5",-0.133065948151485,-0.354930623035987,-0.133065948151485,-0.0635327878241861,-0.133065948151485
"RfntsotG",-0.384985448648358,0.00281322503663954,-0.384985448648358,-0.7124926304638,-0.384985448648358
"RiXMlzXD",0.0539463941286408,-0.124707286165003,0.0539463941286408,0.219879944688089,0.0539463941286408
"Rik83O3m",-0.0578114578372007,-0.225449085917296,-0.0578114578372007,0.0357762535124878,-0.0578114578372007
"S3PCzDzO",0.137009463210608,-0.0573959999929903,0.137009463210608,0.359739494958407,0.137009463210608
"S77BviOJ",-0.274674906787332,-0.321697970828483,-0.274674906787332,-0.361172770506804,-0.274674906787332
"SDdvtktF",0.330785104116062,-0.0476750237276094,0.330785104116062,0.744944559292869,0.330785104116062
"SHs1AyfM",0.129422565138845,0.0204931763904338,0.129422565138845,0.313345761642152,0.129422565138845
"SO4zQy9k",-0.235002559184343,0.0705857213836004,-0.235002559184343,-0.438445195021683,-0.235002559184343
"SOOBCoiG",-0.321540018572948,-0.0384005253336521,-0.321540018572948,-0.568609132381444,-0.321540018572948
"SXkkPB7A",-0.20007847382269,0.0876780568799999,-0.20007847382269,-0.37515677504712,-0.20007847382269
"Sa93dGqq",-0.0696186606135736,-0.00371111981738348,-0.0696186606135736,-0.0766383448778668,-0.0696186606135736
"SonIG72a",-0.312543411279061,-0.0196337038046546,-0.312543411279061,-0.55805195578328,-0.312543411279061
"Suf6hIBc",-0.338112055502477,0.0634601403948319,-0.338112055502477,-0.642634460331876,-0.338112055502477
"Sx2JeSRz",-0.0550139249075041,-0.109991552236883,-0.0550139249075041,-0.0047951550306404,-0.0550139249075041
"T1Tlftr4",-0.110750727551648,0.0677857928309087,-0.110750727551648,-0.18783224750702,-0.110750727551648
"T7ulR4ci",-0.30150862540292,-0.0838703009988014,-0.30150862540292,-0.510196707580105,-0.30150862540292
"TA1NB3Br",-0.269831983475265,0.105358644095038,-0.269831983475265,-0.522292217528692,-0.269831983475265
"TFZUskaK",0.186677496937854,-0.0595344964451778,0.186677496937854,0.460326476375026,0.186677496937854
"TNL8HGWZ",-0.0745866015485842,-0.361052729242586,-0.0745866015485842,0.0563406082380378,-0.0745866015485842
"TZ8z1GSF",0.0859248561710323,-0.131930939611439,0.0859248561710323,0.286981270608998,0.0859248561710323
"TqhRvkJJ",0.413131357771736,0.0237758491095575,0.413131357771736,0.881708731927158,0.413131357771736
"TtJCUiY4",-0.156137515166392,0.138624887379993,-0.156137515166392,-0.307306303592727,-0.156137515166392
"TwDq0lua",0.119551959969764,-0.300592428689734,0.119551959969764,0.421976154217547,0.119551959969764
"Tzyf02sI",-0.113954485279479,0.0598311425261196,-0.113954485279479,-0.191083013154433,-0.113954485279479
"U3yI6ZS5",0.389664506407244,0.149149332280436,0.389664506407244,0.784432590877853,0.389664506407244
"UBLnXZAN",0.190591411571798,-0.194521399813868,0.190591411571798,0.522186927612654,0.190591411571798
"UBWDzleg",0.0794527104284025,-0.0572824244869531,0.0794527104284025,0.244122341934028,0.0794527104284025
"UBqkX6SY",0.331186431063384,0.0681180272059835,0.331186431063384,0.699427438934063,0.331186431063384
"UCIAi1Aj",0.0808385902246787,-0.269091380358612,0.0808385902246787,0.331639232749779,0.0808385902246787
"UPbXGvCS",0.0280993994008838,-0.309964990958798,0.0280993994008838,0.242092465808778,0.0280993994008838
"UeWm1l9F",0.163993174969529,0.0191172090370343,0.163993174969529,0.383312654570772,0.163993174969529
"UhucscY7",0.488712321883286,-0.050970413410972,0.488712321883286,1.06337457922786,0.488712321883286
"Uri1SvHV",0.0168377030660984,-0.273489687261659,0.0168377030660984,0.20488748592853,0.0168377030660984
"UzxipGJS",-0.142909482033714,0.084693083657959,-0.142909482033714,-0.259169529345303,-0.142909482033714
"V74zfaAQ",-0.0331079679405815,-0.319808689679674,-0.0331079679405815,0.123128425023505,-0.0331079679405815
"VBPxBLTh",0.329255587578186,0.0736482370687947,0.329255587578186,0.693338021933807,0.329255587578186
"VLG7CXYS",-0.154152096753624,0.0386829245337838,-0.154152096753624,-0.263337913743342,-0.154152096753624
"VNk52SpF",0.447088943689582,-0.0990848884934679,0.447088943689582,0.999044636262762,0.447088943689582
"VOREKsok",-0.513660378201822,0.0388013790736625,-0.513660378201822,-0.98526392419322,-0.513660378201822
"VRhTr5pX",-0.145900762568095,0.0477883531561272,-0.145900762568095,-0.250412179682316,-0.145900762568095
"VTcG4Kcw",-0.124989237831653,0.0461454064016278,-0.124989237831653,-0.207765392451428,-0.124989237831653
"VeKiWSbS",-0.237501970240429,0.0867699025008651,-0.237501970240429,-0.449938391000034,-0.237501970240429
"VnU8nJHU",-0.302941711788037,-0.244598363460582,-0.302941711788037,-0.448775084443435,-0.302941711788037
"VueNCxYv",0.0556699319190432,0.244543185329072,0.0556699319190432,0.0756222203840353,0.0556699319190432
"VxuQTRUl",-0.150674783041184,-0.300853438603777,-0.150674783041184,-0.120524200826141,-0.150674783041184
"W5lgaocA",0.0900139022542622,0.00379119432990124,0.0900139022542622,0.240896323965592,0.0900139022542622
"W5mMq9Ef",0.110481737588923,0.106019773878162,0.110481737588923,0.241098432659143,0.110481737588923
"WDhNqFpS",0.0981862886663817,-0.188698148328241,0.0981862886663817,0.334311451204574,0.0981862886663817
"WE6n1kZi",0.236784794767011,-0.0413573490107495,0.236784794767011,0.553668216814749,0.236784794767011
"WFk6r3vA",-0.16466720330079,-0.256420927364044,-0.16466720330079,-0.166395646032966,-0.16466720330079
"WFyIrsUR",0.366314808190922,-0.0896825208293501,0.366314808190922,0.833091905259398,0.366314808190922
"WG6ZAsqR",-0.355209898193274,2.41944467260224e-05,-0.355209898193274,-0.651588734496545,-0.355209898193274
"WMq3CZQk",0.343313211294932,-0.0363813297200838,0.343313211294932,0.765582472105573,0.343313211294932
"WRskmGjh",-0.0465584576117219,-0.397812256015154,-0.0465584576117219,0.127325665025874,-0.0465584576117219
"WXijSglj",0.245132875739802,-0.0641174474536002,0.245132875739802,0.579536007531916,0.245132875739802
"Wc0stQgu",0.189930864469895,-0.0668083982477012,0.189930864469895,0.469769033482182,0.189930864469895
"WewoSCUB",-0.275523210857281,-0.193748801087579,-0.275523210857281,-0.414062152309229,-0.275523210857281
"WuHuhHWJ",-0.211938421219813,0.0637328611469726,-0.211938421219813,-0.389391820241191,-0.211938421219813
"Wv7EBtZb",0.231112422925683,0.0226478690227485,0.231112422925683,0.516673050226241,0.231112422925683
"WyPlxDn0",-0.327087039364838,0.0288097134936035,-0.327087039364838,-0.606634766385788,-0.327087039364838
"X3WqoSNN",0.447636484019826,0.231206055806686,0.447636484019826,0.868011300004337,0.447636484019826
"XDhyP9KB",0.023900802992973,-0.188429430684211,0.023900802992973,0.185041589726229,0.023900802992973
"XQxhDRMG",-0.0654518356217441,-0.00383033052755706,-0.0654518356217441,-0.0682238324306149,-0.0654518356217441
"XjLNAwxW",0.116274252233332,-0.194600673161396,0.116274252233332,0.372992680322454,0.116274252233332
"XjfVQbXd",0.144810865965248,-0.0860596624277279,0.144810865965248,0.386871295807234,0.144810865965248
"Xovczbf6",-0.529072860426296,-0.0280650372421183,-0.529072860426296,-0.989461701740863,-0.529072860426296
"Y8H4onBf",-0.393203755913381,-0.199569139005488,-0.393203755913381,-0.648031677829802,-0.393203755913381
"Y8YgzSZ9",0.156875104417156,0.131461217616172,0.156875104417156,0.324076665166151,0.156875104417156
"YC4PNV20",-0.594313497750609,-0.211380060796865,-0.594313497750609,-1.04712724912825,-0.594313497750609
"YDHSCRdd",0.3734026564374,0.114279468393886,0.3734026564374,0.765729106461478,0.3734026564374
"YIJ87aME",-0.144493150367447,-0.116310958628333,-0.144493150367447,-0.181937877354785,-0.144493150367447
"YKvT4dFv",-0.0147085787124441,0.0170107367355843,-0.0147085787124441,0.025329188876144,-0.0147085787124441
"YNebALR2",-0.0249337946130488,-0.0582247304720909,-0.0249337946130488,0.0348952758726013,-0.0249337946130488
"YNrnqFyb",0.0821279872206728,0.193179673825166,0.0821279872206728,0.149296919309721,0.0821279872206728
"YUZ4lR3m",-0.132368091016549,0.00025774431652334,-0.132368091016549,-0.204224499116123,-0.132368091016549
"YYLvjoVC",0.287713112884964,-0.00525295976018338,0.287713112884964,0.641486747234551,0.287713112884964
"Yb8OtMb2",0.0503877888249982,-0.269355088289765,0.0503877888249982,0.270600706163368,0.0503877888249982
"Ycg4lTYw",0.201087597453506,-0.302449142587351,0.201087597453506,0.586439315407901,0.201087597453506
"Yfk6tekH",0.171627145336941,0.00452084747714518,0.171627145336941,0.404480638949959,0.171627145336941
"YoSfgmR6",0.113534229370681,-0.183473981523047,0.113534229370681,0.363039592095066,0.113534229370681
"YpzFvexy",0.166070028012201,-0.0826250859512424,0.166070028012201,0.428184863833921,0.166070028012201
"Yxqppfa3",0.277677723067057,-0.0192513990855663,0.277677723067057,0.626936146178277,0.277677723067057
"Z16jTUvP",0.0581338709543126,0.155564632107533,0.0581338709543126,0.116165552842242,0.0581338709543126
"Z2BdCCbJ",-0.337194635272639,0.0489393955791227,-0.337194635272639,-0.634983297404904,-0.337194635272639
"Z2JJMM6V",-0.0329646444066321,-0.0072592167133893,-0.0329646444066321,-0.00161909345665519,-0.0329646444066321
"Z5jE1OB5",-0.0238064165085209,0.109541923849676,-0.0238064165085209,-0.0299559837751082,-0.0238064165085209
"ZFsIqYxA",0.0285224141139135,-0.0936514498324249,0.0285224141139135,0.156405706949189,0.0285224141139135
"ZHDVsoRh",0.223052833925472,0.0139761670973487,0.223052833925472,0.503958820814651,0.223052833925472
"ZSmfu2Fc",0.0040618651474441,0.0530052335704321,0.0040618651474441,0.0486199230744711,0.0040618651474441
"ZU8YXF3H",-0.392277997538288,-0.0241397836466494,-0.392277997538288,-0.716353242889535,-0.392277997538288
"ZXKaNy6Z",0.272419623139823,-0.0117451386137802,0.272419623139823,0.613375209521903,0.272419623139823
"ZbYLo0zK",0.203010526424281,-0.132392371329629,0.203010526424281,0.522269330431613,0.203010526424281
"ZedN8Gcn",0.169346613326809,-0.00289029203399726,0.169346613326809,0.402866243273409,0.169346613326809
"ZgD4Dau6",0.185267419109596,0.0760446433969295,0.185267419109596,0.403256707901516,0.185267419109596
"Zgzf79LA",-0.218262845729959,-0.199252686941554,-0.218262845729959,-0.296883742392886,-0.218262845729959
"ZjqzxDOF",0.126521493096715,0.00181080878848927,0.126521493096715,0.314994396584505,0.126521493096715
"ZsZ5aDpq",0.236294998091506,-0.0174764566681604,0.236294998091506,0.543131181604068,0.236294998091506
"ZtyqE7If",0.155400279519992,0.105522770542918,0.155400279519992,0.331491940845458,0.155400279519992
"ZvUgz01f",-0.137525216865526,-0.0926486188317412,-0.137525216865526,-0.177412649052342,-0.137525216865526
"ZwrhgdQV",0.143925053733696,0.048595583121528,0.143925053733696,0.331223835812967,0.143925053733696
"a7bhJGBU",0.406672040807606,0.26086841402575,0.406672040807606,0.773889878047666,0.406672040807606
"aHpv6KzP",0.372009715178925,0.105107165764144,0.372009715178925,0.766601511118994,0.372009715178925
"aINzEBVN",-0.00213299188041749,-0.20661693887265,-0.00213299188041749,0.140042650137191,-0.00213299188041749
"aP9EtTGF",0.364122811129778,0.0519422459235097,0.364122811129778,0.772033522513881,0.364122811129778
"aV6EhtSL",0.00503254079979082,-0.282587870617688,0.00503254079979082,0.184822905071734,0.00503254079979082
"aVZsXKoH",0.353955931346099,0.108995934649387,0.353955931346099,0.728794515933137,0.353955931346099
"aYVnVJvc",-0.0420196310936676,-0.275611739280325,-0.0420196310936676,0.0875531781721589,-0.0420196310936676
"abCzN1zx",0.305007199287736,0.00407322835850481,0.305007199287736,0.672481660684631,0.305007199287736
"ae7sMiB4",0.120538381205405,0.0634639341213813,0.120538381205405,0.278316229938288,0.120538381205405
"afsVuCGV",0.0307667488985404,0.124800678805452,0.0307667488985404,0.0735205466544027,0.0307667488985404
"aiwBQETI",-0.0527185986041193,-0.34854456724152,-0.0527185986041193,0.0952468203739832,-0.0527185986041193
"aiyli4EI",0.123572447444755,0.0472121601590135,0.123572447444755,0.29091003318841,0.123572447444755
"apJ7NmzD",0.238534330511143,0.00436647185714972,0.238534330511143,0.538889417997073,0.238534330511143
"atVjNMtQ",0.373143974847781,-0.181392339194589,0.373143974847781,0.883493086371607,0.373143974847781
"b5GirVGV",-0.224889570874932,-0.0165994685411706,-0.224889570874932,-0.383260303982036,-0.224889570874932
"b9SpMjNB",-0.149667536351553,0.0689125218077307,-0.149667536351553,-0.266426430913756,-0.149667536351553
"bAFs37yy",-0.320898848204536,0.066197737956693,-0.320898848204536,-0.609166185642084,-0.320898848204536
"bDia1hHV",0.249208852016222,0.0951516203314366,0.249208852016222,0.524004874636785,0.249208852016222
"bFkv5Mtr",-0.0818918559564693,-0.126635472229414,-0.0818918559564693,-0.0521065990867826,-0.0818918559564693
"bHe2IXgA",0.343054106190683,-0.182164012090647,0.343054106190683,0.823382509875671,0.343054106190683
"bWX3vUm5",-0.0967410423255236,-0.258689377228117,-0.0967410423255236,-0.0290950686198971,-0.0967410423255236
"bat8tcGs",0.351279378111618,-0.11296822748501,0.351279378111618,0.812216786182822,0.351279378111618
"bfjej4wu",0.00171807972221369,-0.209106527522987,0.00171807972221369,0.148771410940548,0.00171807972221369
"bh04YDiP",0.0847064262443832,0.0668008079223564,0.0847064262443832,0.205032145196241,0.0847064262443832
"c110Fdc8",-0.0833698421904792,0.0758017069659165,-0.0833698421904792,-0.136059260083256,-0.0833698421904792
"c32GUzMa",-0.181945160160167,-0.180972526623901,-0.181945160160167,-0.231272216396145,-0.181945160160167
"cT6uU0B0",-0.15443439055539,0.195607382832669,-0.15443439055539,-0.326682322958891,-0.15443439055539
"cWXCiFwh",0.148807349689777,-0.285952901496444,0.148807349689777,0.474863299292889,0.148807349689777
"ceNvS3yd",0.0913503228108509,0.01811994527879,0.0913503228108509,0.23784759260721,0.0913503228108509
"cmwdt4Av",0.388578154545386,0.0893024259421805,0.388578154545386,0.806192972460587,0.388578154545386
"cn4EHsup",0.0673109456189403,-0.0298161423948787,0.0673109456189403,0.208754274763308,0.0673109456189403
"crVOGGTT",-0.305318777274551,0.217711471565779,-0.305318777274551,-0.63849502596589,-0.305318777274551
"csPEJ1E5",-0.456541341137812,-0.356867700367219,-0.456541341137812,-0.712283847278295,-0.456541341137812
"d0UrRtMk",-0.400002559865351,0.0111926795314908,-0.400002559865351,-0.745998602541534,-0.400002559865351
"d6LU4G4I",-0.169724878686376,-0.176766840043028,-0.169724878686376,-0.208416850732383,-0.169724878686376
"d74T1DVv",0.281812768422803,-0.0265138467859566,0.281812768422803,0.638144495795858,0.281812768422803
"dR6rM1tQ",0.350238822591324,0.00727501561208689,0.350238822591324,0.762024124197339,0.350238822591324
"dUNxOoqg",0.103766440823547,-0.131427253996207,0.103766440823547,0.322604978232541,0.103766440823547
"dUnlyhj7",0.250071891608004,0.0536255986099388,0.250071891608004,0.542350294873706,0.250071891608004
"dVDlnZQ6",0.184543542257286,-0.195974538778738,0.184543542257286,0.510624369384273,0.184543542257286
"dVT26GDu",-0.179042294796402,0.19816056328434,-0.179042294796402,-0.377115434894385,-0.179042294796402
"de43ycXY",0.183365814724342,0.0897098024802727,0.183365814724342,0.393971618304973,0.183365814724342
"dfIn7m9z",0.134698154136238,0.0502858100348662,0.134698154136238,0.312020406218824,0.134698154136238
"dhmb9ZY9",0.483876385880624,0.1345062876505,0.483876385880624,0.979464319223671,0.483876385880624
"dn8kCuyf",0.229672456172069,-0.0184564476935033,0.229672456172069,0.530225420507643,0.229672456172069
"dpcquvWW",-0.0847876425587233,0.0234062783507838,-0.0847876425587233,-0.117945375226217,-0.0847876425587233
"dqcbIMyr",-0.127838102490941,-0.218077026351593,-0.127838102490941,-0.107783710555583,-0.127838102490941
"drWgsBf5",0.299812455165116,-0.0251091073310439,0.299812455165116,0.673725199984947,0.299812455165116
"dytx0HSe",-0.431243746321766,-0.0131915462442637,-0.431243746321766,-0.798974786862228,-0.431243746321766
"e4KkkIha",0.292947025275543,-0.07672743723516,0.292947025275543,0.680589578936502,0.292947025275543
"e9YorH4m",0.29709283468516,0.114404837681546,0.29709283468516,0.612451803464171,0.29709283468516
"eB9gVQ0R",-0.155676957834612,0.339997951407516,-0.155676957834612,-0.386940745736491,-0.155676957834612
"eMhLFqU6",-0.0609730536356149,-0.0906549773747177,-0.0609730536356149,-0.0244964433113699,-0.0609730536356149
"eMllg1qm",0.111097826964134,0.0316797923046349,0.111097826964134,0.272075199561149,0.111097826964134
"eNPunZ9i",-0.0583816554028931,-0.0288944030681696,-0.0583816554028931,-0.044000312614369,-0.0583816554028931
"eS5BSM4J",-0.321477964823307,-0.0484066063402368,-0.321477964823307,-0.564481601688116,-0.321477964823307
"eVGMFoOI",0.225843685012445,0.118850472443751,0.225843685012445,0.467607812158325,0.225843685012445
"eaIwb3rG",-0.153460190542657,0.156315403682308,-0.153460190542657,-0.309007424871049,-0.153460190542657
"eyzw8Vis",-0.14985445929592,0.0585478419578443,-0.14985445929592,-0.262655378380965,-0.14985445929592
"f04Ke2bN",-0.113510274320664,0.0146701823735219,-0.113510274320664,-0.172124428656189,-0.113510274320664
"f4GA0te1",-0.0515286413434535,0.0748319505698457,-0.0515286413434535,-0.0717354186067841,-0.0515286413434535
"f7bd91h5",-0.414680298401154,-0.0886927721932836,-0.414680298401154,-0.735511789904713,-0.414680298401154
"fB7z9ndr",-0.31999088292374,0.00904844626618528,-0.31999088292374,-0.584480472724724,-0.31999088292374
"fEe7AWFA",0.315723252969539,0.034988593252037,0.315723252969539,0.68163139814714,0.315723252969539
"fJJIbgY9",0.26262867804192,0.0203731038801251,0.26262867804192,0.580866481624452,0.26262867804192
"fQBURMvg",-0.363666251284736,-0.0486541327129116,-0.363666251284736,-0.649095014414423,-0.363666251284736
"fS0HpOub",-0.311388999181413,0.0513305293762299,-0.311388999181413,-0.58412315775105,-0.311388999181413
"fTDXauuk",0.263323254927452,0.0451052479452467,0.263323254927452,0.572367079429582,0.263323254927452
"favPNA2N",-0.0616633200302243,0.0189449527333714,-0.0616633200302243,-0.0697278847679649,-0.0616633200302243
"g3Fv0U4k",0.159185578478681,-0.16157252216154,0.159185578478681,0.445944051431482,0.159185578478681
"g5PKo2E2",0.0496484019331243,-0.236678909666186,0.0496484019331243,0.256043952343991,0.0496484019331243
"gbjnD5fe",-0.137957547314232,0.169521196806548,-0.137957547314232,-0.283161694136399,-0.137957547314232
"ge9zqXCv",0.365363465642292,-0.0515488161506645,0.365363465642292,0.8159262713633,0.365363465642292
"geeqJpSE",-0.323570029005674,0.0747348827876863,-0.323570029005674,-0.617945094404017,-0.323570029005674
"gqy1J2RS",0.0940044434379327,-0.25926057778024,0.0940044434379327,0.354142943953899,0.0940044434379327
"grlUtS3H",0.231876406660298,0.0314637321001297,0.231876406660298,0.514680316882267,0.231876406660298
"gx965KYj",0.348893365568546,-0.0146552808668914,0.348893365568546,0.768095706295045,0.348893365568546
"h3F08Vjm",-0.413345641728617,-0.0813034569401003,-0.413345641728617,-0.735787944268167,-0.413345641728617
"h6FQG8Iy",-0.266919919681026,0.0961214756011571,-0.266919919681026,-0.512749580881654,-0.266919919681026
"h7ftM8b3",0.361646300718143,0.0281413574174268,0.361646300718143,0.776582323153908,0.361646300718143
"hLrCHXZv",-0.0272877671844074,-0.343381013336183,-0.0272877671844074,0.144245261162172,-0.0272877671844074
"hQ6VBuFx",-0.166964200202777,0.291584922936567,-0.166964200202777,-0.390237473677864,-0.166964200202777
"hYoR2y7w",0.354472917809677,0.039550416964317,0.354472917809677,0.757614259495308,0.354472917809677
"hf65yZkM",0.291205341396467,0.0288365166565398,0.291205341396467,0.634861522997722,0.291205341396467
"hjuwe1x4",-0.194446984580816,-0.150306108915663,-0.194446984580816,-0.268643482364128,-0.194446984580816
"hyINlsFR",0.049827905733609,0.244309379209964,0.049827905733609,0.0639851934638321,0.049827905733609
"i0Qlm9Bv",-0.192575831853389,0.0617936316124063,-0.192575831853389,-0.349736707065196,-0.192575831853389
"i1VxfxMb",-0.176363641059918,0.0974441243547711,-0.176363641059918,-0.331445226639025,-0.176363641059918
"i2l6jXNP",0.0509182607291613,0.00275069622245561,0.0509182607291613,0.162810049845535,0.0509182607291613
"i4FgPZv7",-0.30963773217254,0.0127892223754969,-0.30963773217254,-0.565188245538394,-0.30963773217254
"i7XtIkSi",0.141438613122545,0.0453197887631454,0.141438613122545,0.327541640316218,0.141438613122545
"i9z346Ut",0.0709200787587866,0.111056015240953,0.0709200787587866,0.159645416462247,0.0709200787587866
"iDOat4cZ",0.270406612933775,0.0152069609490482,0.270406612933775,0.598550985519585,0.270406612933775
"iNv6RoSO",-0.190870356534869,0.0158009591829881,-0.190870356534869,-0.327912826668018,-0.190870356534869
"iSL9NYzy",0.393950902115162,0.139263101289462,0.393950902115162,0.796994489687072,0.393950902115162
"iSqVc1r8",0.130047717320244,0.0568175014728975,0.130047717320244,0.30006950941397,0.130047717320244
"iYZMftt6",0.302163396645875,0.113169537135471,0.302163396645875,0.623127475881137,0.302163396645875
"ieTPaa3c",-0.0450395857332647,-0.0707596741955258,-0.0450395857332647,-0.000461769557192807,-0.0450395857332647
"if7BmzU0",-0.399484455853428,0.074390400680927,-0.399484455853428,-0.770240495952835,-0.399484455853428
"ihNz5bmx",-0.0760686016801601,-0.0138516222954553,-0.0760686016801601,-0.0855328708067559,-0.0760686016801601
"ikJXKdIN",-0.337988187506141,-0.30392124158147,-0.337988187506141,-0.495414945785862,-0.337988187506141
"iq2kxikN",0.000538127604236549,-0.285931206652208,0.000538127604236549,0.177135798879594,0.000538127604236549
"iuZEDJK7",-0.246913633955228,0.0942201887294921,-0.246913633955228,-0.471817129443288,-0.246913633955228
"iyF8gVT7",-0.142599511940659,0.127341256441375,-0.142599511940659,-0.275608507972374,-0.142599511940659
"j06qdQ0V",-0.0121476245431519,0.0475725364237196,-0.0121476245431519,0.0182452478749904,-0.0121476245431519
"j7hl8svO",0.27615274257889,0.0446318749977157,0.27615274257889,0.598317563479426,0.27615274257889
"j8hMoJUN",-0.0466739920053374,-0.20951787726805,-0.0466739920053374,0.0517665765809316,-0.0466739920053374
"jNaFasbV",0.132280014438324,-0.0650952608670852,0.132280014438324,0.353323032682677,0.132280014438324
"jVVHeYHT",0.0480214928336511,-0.00684952497631374,0.0480214928336511,0.160834017877561,0.0480214928336511
"jXm4ySvK",-0.172071157732634,0.0338418066228482,-0.172071157732634,-0.297382002550153,-0.172071157732634
"juO5ii5l",0.136528707807208,0.0207308789528362,0.136528707807208,0.327519526439497,0.136528707807208
"k2hdEBsU",-0.308501987960917,-0.124860593563596,-0.308501987960917,-0.50784095503596,-0.308501987960917
"k3ynMfhN",0.0564476889248353,0.0102341223699779,0.0564476889248353,0.170919184242669,0.0564476889248353
"k9C9yBtr",-0.065154957235587,-0.288816835837503,-0.065154957235587,0.0463810388541189,-0.065154957235587
"kAKRvcRo",0.237067370686085,-0.216447957565473,0.237067370686085,0.624280554520975,0.237067370686085
"kBi3R2oC",0.175300140987501,0.110647316217763,0.175300140987501,0.369400014684348,0.175300140987501
"kDWmnsXe",-0.359695246233136,-0.236012330331156,-0.359695246233136,-0.566168810027668,-0.359695246233136
"kSGBd2Vh",-0.342998003648095,0.0614612218685513,-0.342998003648095,-0.65164558720014,-0.342998003648095
"kT0miHPT",-0.13560556364777,0.0460143680720968,-0.13560556364777,-0.229030139241978,-0.13560556364777
"kaW0TfRn",0.0817365047469929,0.209817992076331,0.0817365047469929,0.141854684399792,0.0817365047469929
"kmg3SowO",0.093444707234311,-0.00121822626283872,0.093444707234311,0.249789263645184,0.093444707234311
"kpxKSlnF",0.204040943824858,0.161464301455861,0.204040943824858,0.406781110001642,0.204040943824858
"ku2cn1MV",0.280284830866778,-0.0413217775707211,0.280284830866778,0.64100036420538,0.280284830866778
"l1su5HU9",-0.0468380681861804,0.108860603501395,-0.0468380681861804,-0.07593008106844,-0.0468380681861804
"l8Tg2RvD",-0.069859593073175,0.00423350208472784,-0.069859593073175,-0.0803003710631876,-0.069859593073175
"lB6NsVOc",-0.28711916855315,-0.0901509866526175,-0.28711916855315,-0.478790652753907,-0.28711916855315
"lEcdVyKk",-0.370591685494952,0.00410677507918221,-0.370591685494952,-0.684107999069684,-0.370591685494952
"lH4TasGl",0.232154481882386,0.0456067840852091,0.232154481882386,0.509580758130254,0.232154481882386
"lO9aggHW",-0.193357794650086,-0.150755049133162,-0.193357794650086,-0.266276833042064,-0.193357794650086
"lW3m9Vzu",0.219720433539959,0.116342266405763,0.219720433539959,0.456315968704523,0.219720433539959
"lYLseGDP",0.361138760851896,0.0919892465807889,0.361138760851896,0.750020877309266,0.361138760851896
"lcOnCdZi",0.124414832749494,0.00424378259809397,0.124414832749494,0.309790994367071,0.124414832749494
"le9YGwON",0.0466100120090802,0.14792203315919,0.0466100120090802,0.0960835120651156,0.0466100120090802
"llMvu3TX",0.147180572234014,0.0362675759303381,0.147180572234014,0.342692605060852,0.147180572234014
"lnHh2jFO",0.167716213545008,0.0575246871013547,0.167716213545008,0.37542347291214,0.167716213545008
"m07CVXd4",-0.347971467087,0.0237482495039027,-0.347971467087,-0.646545046711368,-0.347971467087
"m1lPk91z",-0.320151790448355,-0.0674977372424274,-0.320151790448355,-0.554181295018962,-0.320151790448355
"m9IQdmwa",-0.314283243570029,0.00484115518226219,-0.314283243570029,-0.571336629955404,-0.314283243570029
"mG9BRy5x",-0.34162962982236,-0.222737644178009,-0.34162962982236,-0.535204289627897,-0.34162962982236
"mVHXnama",-0.0914055100342722,-0.172786513654665,-0.0914055100342722,-0.0527469379606333,-0.0914055100342722
"mXyrR6nU",-0.0430006053544372,-0.0875236950344339,-0.0430006053544372,0.0103388642359146,-0.0430006053544372
"mbzNdxNc",0.130276587329599,0.0347118087238625,0.130276587329599,0.309372446072672,0.130276587329599
"mntH7g3L",0.147557239030459,0.0652834200465235,0.147557239030459,0.331841159096503,0.147557239030459
"msRTXP3H",-0.0433968120275146,0.0166812537758652,-0.0433968120275146,-0.032143856388783,-0.0433968120275146
"mxBjvIPR",-0.0698780759908105,0.0385737693247684,-0.0698780759908105,-0.0940752958533923,-0.0698780759908105
"n8Opmfbz",0.170572794936998,-0.117213121394464,0.170572794936998,0.451063175785792,0.170572794936998
"nOkgU29Q",-0.0404229361181631,-0.0888384274723986,-0.0404229361181631,0.0160406818853429,-0.0404229361181631
"nhttf7VM",0.0871098517675388,-0.0168369413132933,0.0871098517675388,0.243317382126671,0.0871098517675388
"njLbXYa3",0.115088822015351,-0.0338423251400588,0.115088822015351,0.306301062136391,0.115088822015351
"nwkIpzmh",0.182885889554136,-0.0831341637460536,0.182885889554136,0.462154115058859,0.182885889554136
"nzB1R9Zg",0.219083534499738,0.0648213871080011,0.219083534499738,0.4756480098581,0.219083534499738
"o1rZRI84",0.406878531787261,-0.0151829091080982,0.406878531787261,0.884738738459841,0.406878531787261
"o7q5Mbty",0.296937430044416,0.111966504486497,0.296937430044416,0.613115211335782,0.296937430044416
"oCBvysqB",0.160122306764094,-0.259739209598124,0.160122306764094,0.487096514059757,0.160122306764094
"oDmycTPH",-0.391635180587907,-0.240338212881741,-0.391635180587907,-0.628572386046033,-0.391635180587907
"oFAXZvQv",-0.194818401763882,-0.331909949937844,-0.194818401763882,-0.196738720973447,-0.194818401763882
"oHE3M1zX",0.0161994466988948,0.00935973039057558,0.0161994466988948,0.0904520821224907,0.0161994466988948
"oMhVmSpV",-0.0167722340775345,-0.26451926098323,-0.0167722340775345,0.133811425710313,-0.0167722340775345
"oNsDqVbi",0.199104907292398,0.0321756244853613,0.199104907292398,0.448591630626882,0.199104907292398
"oYAJqQk8",-0.174540864154184,-0.174498313003421,-0.174540864154184,-0.218994685364604,-0.174540864154184
"ob5Kb6dW",-0.383620728568627,0.0338427554503777,-0.383620728568627,-0.722165678423672,-0.383620728568627
"obnzqs79",-0.22964740780995,-0.198716482430531,-0.22964740780995,-0.319958007934212,-0.22964740780995
"oncLcgRP",0.103145675546255,0.00743640133053855,0.103145675546255,0.265806149347324,0.103145675546255
"ooWVYaAe",0.172661453186215,-0.217194998660296,0.172661453186215,0.495254834954064,0.172661453186215
"osdyOUnV",-0.0959855385124982,-0.129594186534972,-0.0959855385124982,-0.0792225319556658,-0.0959855385124982
"p7H9CzCv",-0.0250285230932746,-0.0973815867956273,-0.0250285230932746,0.0503697513526235,-0.0250285230932746
"p7U9hVhY",-0.35671701850379,-0.0585513479998307,-0.35671701850379,-0.631181848242619,-0.35671701850379
"pE6Cf1RV",-0.16399205046208,0.0422685223852834,-0.16399205046208,-0.284530574583954,-0.16399205046208
"pI7qzotI",-0.112305077587372,-0.240081411115644,-0.112305077587372,-0.0677911553408501,-0.112305077587372
"pJrIA4sk",-0.00499578780301999,-0.0253066626716023,-0.00499578780301999,0.0617611553381164,-0.00499578780301999
"pXne2CLZ",0.293647465550525,-0.161769868246791,0.293647465550525,0.716017230286307,0.293647465550525
"pZMcDIOS",-0.241563141152035,0.0483444830145086,-0.241563141152035,-0.442720988439188,-0.241563141152035
"pavfp3cc",0.0321225483863117,-0.179079271362936,0.0321225483863117,0.197810006215421,0.0321225483863117
"pbQdC5L3",-0.332628789079673,-0.200957485788372,-0.332628789079673,-0.525844096779011,-0.332628789079673
"pgj7aAFP",-0.0151468546687316,0.252628732747726,-0.0151468546687316,-0.0698097484679706,-0.0151468546687316
"pxg8G3ed",0.0126326993057649,0.27499233323015,0.0126326993057649,-0.0229760368694732,0.0126326993057649
"q36Npk6l",-0.198110287711842,-0.13314231755889,-0.198110287711842,-0.282865621015089,-0.198110287711842
"q4aDOVvq",0.202464446809011,-0.104873156738477,0.202464446809011,0.510163771736862,0.202464446809011
"qGmfR9CN",0.0693484709810308,-0.0796860887776545,0.0693484709810308,0.23279600079047,0.0693484709810308
"qJ51ODpA",0.106666726695148,-0.0319093001558395,0.106666726695148,0.288616516893189,0.106666726695148
"qQX3cs3I",0.140341827838636,-0.0345669008274629,0.140341827838636,0.357297980224271,0.140341827838636
"qXeIxPb8",-0.255287157434569,0.106457321431901,-0.255287157434569,-0.493526298985031,-0.255287157434569
"qYQ4MShM",0.152374167499511,-0.0506744175006942,0.152374167499511,0.387902255855575,0.152374167499511
"qa0etnhK",0.197434240219149,-0.0440666720800313,0.197434240219149,0.475737700114439,0.197434240219149
"qbL4sboq",0.0832488640931177,-0.013321474242464,0.0832488640931177,0.234158307936777,0.0832488640931177
"qbYrsWHq",0.0807098101315999,-0.0359306593957724,0.0807098101315999,0.238104783058872,0.0807098101315999
"r1zmcUqQ",0.158132198782589,0.0322415590943321,0.158132198782589,0.366293651113393,0.158132198782589
"r54iHeQC",-0.342245516905306,0.03625015879948,-0.342245516905306,-0.6400489462382,-0.342245516905306
"r6xrAnQV",0.0954347644447124,-0.0511196377681123,0.0954347644447124,0.273748263084278,0.0954347644447124
"r9HxnQDg",-0.141926478028668,-0.0419702665468905,-0.141926478028668,-0.206524066973515,-0.141926478028668
"rG8Puuf9",0.389011803747759,0.120619486368182,0.389011803747759,0.794535344173265,0.389011803747759
"rGuiefuR",0.146282951368511,-0.0157461179006231,0.146282951368511,0.361698277227343,0.146282951368511
"rJ19OhGP",-0.44033526857618,0.0165055313550355,-0.44033526857618,-0.829110514776237,-0.44033526857618
"rOCYepHd",0.238027728543103,-0.0252053780385279,0.238027728543103,0.549702389115328,0.238027728543103
"rQJaOPFI",-0.348580842248825,-0.215927484394332,-0.348580842248825,-0.551886455384238,-0.348580842248825
"rQhZtZeh",-0.111966242445087,0.0499910051277013,-0.111966242445087,-0.183154155504984,-0.111966242445087
"rapmok0w",0.0585449341956104,-0.113462907838556,0.0585449341956104,0.224615324395826,0.0585449341956104
"rgzfnPVu",0.0498154081102109,-0.0887739634764253,0.0498154081102109,0.197209972623094,0.0498154081102109
"ri4qhb1S",0.128256619236613,-0.116070061796433,0.128256619236613,0.365636663022516,0.128256619236613
"rqpFYzff",-0.38016141666373,-0.265022491965196,-0.38016141666373,-0.595658577951269,-0.38016141666373
"rrs22coX",-0.386180218685624,-0.037898934528722,-0.386180218685624,-0.698604797058865,-0.386180218685624
"sEeUCQLc",-0.201241668129083,0.035261768872596,-0.201241668129083,-0.356523306344775,-0.201241668129083
"sHScwqQl",-0.254951320610668,0.0664349960186692,-0.254951320610668,-0.476841034544653,-0.254951320610668
"sNC7DiAt",-0.537262519577363,-0.202393188884094,-0.537262519577363,-0.936166302597662,-0.537262519577363
"sNK2TSs3",-0.35243116031568,-0.00278225184957041,-0.35243116031568,-0.644886419245443,-0.35243116031568
"sO7Su6uw",0.0126034167293266,-0.169040326303588,0.0126034167293266,0.154600273876597,0.0126034167293266
"sOWZx89o",-0.154260796858787,0.104170885076082,-0.154260796858787,-0.289754614863835,-0.154260796858787
"sPbRcPjC",0.105671457786556,0.132549536635799,0.105671457786556,0.220826355978801,0.105671457786556
"scVUfTKI",0.0922761585313976,-0.263238562723203,0.0922761585313976,0.352264006670361,0.0922761585313976
"seRaGeVv",0.0661905435085026,-0.0369362538835398,0.0661905435085026,0.20935294906897,0.0661905435085026
"sgtwiYWi",0.241790287695601,0.0372962754398042,0.241790287695601,0.532253696849366,0.241790287695601
"sjmLHcT6",-0.394582945262963,-0.254910313962586,-0.394582945262963,-0.628661818765222,-0.394582945262963
"skZUZZGS",-0.401730427253845,-0.184849179487105,-0.401730427253845,-0.671041616303119,-0.401730427253845
"suAmzADX",0.426451776932803,0.282256137027857,0.426451776932803,0.805050666518823,0.426451776932803
"t4GWLqlO",0.338794987788443,0.0039920816352417,0.338794987788443,0.740358686344337,0.338794987788443
"t7gy6Jyy",0.207797474386815,-0.122480618480332,0.207797474386815,0.527916142205963,0.207797474386815
"tBadzH60",0.217751859431812,-0.0165283929029143,0.217751859431812,0.505518009038335,0.217751859431812
"tXUWm0hp",0.146780468351488,0.0345346737079747,0.146780468351488,0.342582458976308,0.146780468351488
"te6UPPxf",0.0986552995638723,-0.298189170073035,0.0986552995638723,0.37905505149067,0.0986552995638723
"ti2lamkL",0.255000903528676,0.0015679322441311,0.255000903528676,0.573073209867068,0.255000903528676
"tr0lpwuU",0.47406793126321,-0.0350612112292571,0.47406793126321,1.0276047426781,0.47406793126321
"ttdB5C73",0.136196670421676,-0.0114348698730078,0.136196670421676,0.339720704791626,0.136196670421676
"twS8YZu9",0.168023860018764,0.00165516001287457,0.168023860018764,0.39839179967511,0.168023860018764
"tx68W34H",0.144078457553435,0.000433562076255518,0.144078457553435,0.350799064258628,0.144078457553435
"tyQSX4mY",0.176576403731125,-0.0442909854963687,0.176576403731125,0.433945713568218,0.176576403731125
"tylKCRc0",-0.0954744739328872,0.0644000368153,-0.0954744739328872,-0.155803654900088,-0.0954744739328872
"u1544WUo",0.263026606027924,-0.0380934217837385,0.263026606027924,0.605055018511848,0.263026606027924
"uAw9an0d",0.407654296762429,-0.00662421410887681,0.407654296762429,0.882872541386973,0.407654296762429
"uLZAEXMG",0.356509778710948,0.0448952423042487,0.356509778710948,0.759566001334911,0.356509778710948
"uMwe1s7I",0.265522672270082,-0.131142273181784,0.265522672270082,0.647291182501406,0.265522672270082
"ufhGeV3q",-0.339032995829685,-0.235958627259164,-0.339032995829685,-0.52470130011111,-0.339032995829685
"uhAeGBHo",-0.00943449329211224,-0.116789400648051,-0.00943449329211224,0.0894460447465265,-0.00943449329211224
"ujHNlqpw",0.351419335403555,0.0219085540444488,0.351419335403555,0.758540406037043,0.351419335403555
"ulV6kuhB",-0.290924378255338,0.114525400500974,-0.290924378255338,-0.568312082161019,-0.290924378255338
"uohEnNEK",0.245935667730814,-0.180463553668719,0.245935667730814,0.62769220137712,0.245935667730814
"v1lhA8I4",-0.480278831567999,-0.073453496605071,-0.480278831567999,-0.873327555624006,-0.480278831567999
"v3JzigLI",-0.262590693146182,-0.152911519589751,-0.262590693146182,-0.404431100671206,-0.262590693146182
"v5IwjyIg",0.385264535902152,-0.0658041218176917,0.385264535902152,0.861589675112145,0.385264535902152
"v6lp5TK1",-0.193976288570539,-0.02153309719752,-0.193976288570539,-0.319213941086292,-0.193976288570539
"v8vOaaWq",0.0316225123501772,0.0292054928154404,0.0316225123501772,0.113481706803044,0.0316225123501772
"vAYKtoil",0.418813797247615,0.0218881381988015,0.418813797247615,0.893874027092462,0.418813797247615
"vGTNQa6G",0.232271702707343,0.116359745831452,0.232271702707343,0.481511435558756,0.232271702707343
"vQzNxHoL",0.131188403786107,-0.269607689786657,0.131188403786107,0.432946246163856,0.131188403786107
"vfZGBUJm",-0.000910018855622204,-0.0562021575778753,-0.000910018855622204,0.0823249520565897,-0.000910018855622204
"vlooVUoT",-0.101501203843379,-0.0554414512509497,-0.101501203843379,-0.119962548677673,-0.101501203843379
"vrACvd4O",0.127420496334375,-0.0338892473199687,0.127420496334375,0.331081354930136,0.127420496334375
"w8hdjLwb",0.052418203285851,0.0398134001808292,0.052418203285851,0.150994954400035,0.052418203285851
"wAntv4gH",0.0633716681180966,0.0726068839785027,0.0633716681180966,0.159870063397164,0.0633716681180966
"wIUL09q0",-0.189377451458024,-0.226517458790492,-0.189377451458024,-0.227975733692886,-0.189377451458024
"wOzx7Fgz",-0.0322670553360076,-0.00160030364921446,-0.0322670553360076,-0.00248220795857007,-0.0322670553360076
"wPhjhCJQ",-0.471345134742692,0.0173828339345165,-0.471345134742692,-0.891728082486171,-0.471345134742692
"wQSWWmYB",0.0776235327938485,-0.0371276744478962,0.0776235327938485,0.232386523855531,0.0776235327938485
"wdIMrXwy",0.159808967268997,0.0101863117388164,0.159808967268997,0.378483730842178,0.159808967268997
"wiL9npQc",-0.228976929856734,0.0120091607175252,-0.228976929856734,-0.402912433630971,-0.228976929856734
"wnU95Cxn",0.329957703192347,-0.0227333470631783,0.329957703192347,0.733305261510548,0.329957703192347
"wpJbbjJs",0.125740784399509,-0.0195243155563741,0.125740784399509,0.321961872914858,0.125740784399509
"wsOWTAbI",0.181823928539098,0.0362544540239745,0.181823928539098,0.412260364234904,0.181823928539098
"wtdBcU3U",-0.0966705892262295,-0.204963924382015,-0.0966705892262295,-0.0504464500255624,-0.0966705892262295
"wuKXVxOc",-0.0714406419500833,-0.0117449801442827,-0.0714406419500833,-0.0770828694238901,-0.0714406419500833
"wyzadAt8",-0.3429634024615,0.183857847529573,-0.3429634024615,-0.700540836342241,-0.3429634024615
"wzaKzYwi",-0.267249969806572,-0.16299553503013,-0.267249969806572,-0.409752639856031,-0.267249969806572
"x6GCk4EV",-0.267931603238116,0.123004116346388,-0.267931603238116,-0.525535393008908,-0.267931603238116
"x6lUi3vf",0.290374660715843,-0.0669973672477377,0.290374660715843,0.671531860048934,0.290374660715843
"x8mwDHv9",-0.207635493503274,-0.00542388286343404,-0.207635493503274,-0.353085577949662,-0.207635493503274
"xIYm6puH",0.26057180619784,0.0911422298721553,0.26057180619784,0.548425199175056,0.26057180619784
"xO6UdpsK",0.181370565000591,0.0276136508291908,0.181370565000591,0.414806778186579,0.181370565000591
"xQ2bkOvj",0.271834380334783,-0.151374493869796,0.271834380334783,0.668058739150667,0.271834380334783
"xeXyDCEQ",0.398728210309157,0.157010849213092,0.398728210309157,0.799487158112804,0.398728210309157
"xrggHziO",0.145300970837315,0.00835431250393972,0.145300970837315,0.3500851298855,0.145300970837315
"y1WMCmqQ",0.0997169791769457,-0.0238205106915895,0.0997169791769457,0.271425777262299,0.0997169791769457
"yDngezhM",-0.058078201433168,-0.263796400340875,-0.058078201433168,0.050581472389902,-0.058078201433168
"yLiFjMD0",-0.308796714580303,0.20015126251241,-0.308796714580303,-0.638453633130329,-0.308796714580303
"ySwEBO7w",0.0045274579195298,-0.271625520653804,0.0045274579195298,0.179423234084994,0.0045274579195298
"ydC9UsSm",0.0687713070741816,0.0623391444970805,0.0687713070741816,0.174819933614096,0.0687713070741816
"ydEG4VBd",0.205995081841006,-0.0119634485938513,0.205995081841006,0.480084653315833,0.205995081841006
"yf76yWXc",0.110028299283741,-0.0249272377802265,0.110028299283741,0.292573252091,0.110028299283741
"yg70e63n",0.159532096215355,0.0945611592337591,0.159532096215355,0.344173656537293,0.159532096215355
"ywxtlSKv",0.441410852846098,0.124319425940793,0.441410852846098,0.89827043378014,0.441410852846098
"yzKPQPOR",0.27377067275609,-0.160890962705777,0.27377067275609,0.675753798900243,0.27377067275609
"z5cnOnZ1",0.125574152144914,-0.0643326141590383,0.125574152144914,0.339552825910133,0.125574152144914
"zFLkOE0e",0.0234212536972533,-0.270049264327781,0.0234212536972533,0.216730659118953,0.0234212536972533
"zGi72mxL",0.32675833173887,0.0400320883418754,0.32675833173887,0.701771757956827,0.32675833173887
"zN925UV3",0.0154449261293989,-0.180790835115755,0.0154449261293989,0.165006700957846,0.0154449261293989
"zTy2ih7e",-0.118174065766135,-0.115133293252602,-0.118174065766135,-0.129561305482084,-0.118174065766135
"zVFzAutw",-0.117877482495386,0.240772614003495,-0.117877482495386,-0.271345810645381,-0.117877482495386
"zYxNAkht",-0.379182283412133,-0.164447253890452,-0.379182283412133,-0.63392760508923,-0.379182283412133
"zaWDBai3",-0.00169989627000131,0.165050863205503,-0.00169989627000131,-0.00777328403738031,-0.00169989627000131
"zg3u0Zsx",0.0427017182298669,0.0720918495571476,0.0427017182298669,0.118571648658932,0.0427017182298669
"zlwLfdsS",0.379801325042929,-0.0564171747007413,0.379801325042929,0.846864515665578,0.379801325042929
"zmbKzVfl",0.00613682206813022,-0.0872359708074333,0.00613682206813022,0.108889800137113,0.00613682206813022
